{"cameraMode":{"drawMode":0,"name":"Shaded","section":"Shading Mode"},"sceneLighting":false,"audioPlay":false,"sceneViewState":{"showFog":true,"showMaterialUpdate":true,"showSkybox":false,"showFlares":true,"showImageEffects":true,"showParticleSystems":true},"in2DMode":false,"pivot":{"x":5970.61181640625,"y":111.68537902832031,"z":-5632.91357421875},"rotation":{"x":-0.02522308938205242,"y":-0.9747245907783508,"z":0.1512044370174408,"w":-0.1626417636871338},"size":101.2022933959961,"orthographic":false}