{"cameraMode":{"drawMode":0,"name":"Shaded","section":"Shading Mode"},"sceneLighting":true,"audioPlay":false,"sceneViewState":{"showFog":true,"showMaterialUpdate":true,"showSkybox":true,"showFlares":true,"showImageEffects":true,"showParticleSystems":true},"in2DMode":false,"pivot":{"x":-1028.14697265625,"y":-54.00048828125,"z":-37.026123046875},"rotation":{"x":0.11608561128377915,"y":-0.307498574256897,"z":0.037825990468263629,"w":0.9436845779418945},"size":2.5614492893218996,"orthographic":true}