{"cameraMode":{"drawMode":0,"name":"Shaded","section":"Shading Mode"},"sceneLighting":false,"audioPlay":false,"sceneViewState":{"showFog":true,"showMaterialUpdate":true,"showSkybox":false,"showFlares":true,"showImageEffects":true,"showParticleSystems":true},"in2DMode":false,"pivot":{"x":-0.051483154296875,"y":0.37310791015625,"z":-0.1583251953125},"rotation":{"x":-0.15849004685878755,"y":-0.09435904771089554,"z":0.015208572149276734,"w":-0.9827264547348023},"size":1.9383583068847657,"orthographic":true}