{"cameraMode":{"drawMode":0,"name":"Shaded","section":"Shading Mode"},"sceneLighting":true,"audioPlay":false,"sceneViewState":{"showFog":true,"showMaterialUpdate":true,"showSkybox":true,"showFlares":true,"showImageEffects":true,"showParticleSystems":true},"in2DMode":false,"pivot":{"x":499.49603271484377,"y":86.76156616210938,"z":226.28399658203126},"rotation":{"x":0.23445387184619904,"y":-0.20805872976779939,"z":0.05144452676177025,"w":0.948207676410675},"size":694.0421752929688,"orthographic":true}