{"cameraMode":{"drawMode":0,"name":"Shaded","section":"Shading Mode"},"sceneLighting":false,"audioPlay":false,"sceneViewState":{"showFog":true,"showMaterialUpdate":true,"showSkybox":false,"showFlares":true,"showImageEffects":true,"showParticleSystems":true},"in2DMode":false,"pivot":{"x":0.00005352497100830078,"y":-0.03294190764427185,"z":0.26008927822113039},"rotation":{"x":0.033993564546108249,"y":0.9421194791793823,"z":-0.10071686655282974,"w":0.3179793953895569},"size":5.589916706085205,"orthographic":true}