{"cameraMode":{"drawMode":0,"name":"Shaded","section":"Shading Mode"},"sceneLighting":false,"audioPlay":false,"sceneViewState":{"showFog":true,"showMaterialUpdate":true,"showSkybox":false,"showFlares":true,"showImageEffects":true,"showParticleSystems":true},"in2DMode":false,"pivot":{"x":7146.330078125,"y":271.726318359375,"z":-7586.01025390625},"rotation":{"x":0.03568330779671669,"y":-0.5710130333900452,"z":0.024854740127921106,"w":0.8197881579399109},"size":6.661579132080078,"orthographic":true}