{"cameraMode":{"drawMode":0,"name":"Shaded","section":"Shading Mode"},"sceneLighting":false,"audioPlay":false,"sceneViewState":{"showFog":true,"showMaterialUpdate":true,"showSkybox":false,"showFlares":true,"showImageEffects":true,"showParticleSystems":true},"in2DMode":false,"pivot":{"x":-0.0003948211669921875,"y":28.566524505615236,"z":-0.0022563934326171877},"rotation":{"x":-0.3552602231502533,"y":-0.5587371587753296,"z":0.28661051392555239,"w":-0.6924595832824707},"size":128.95333862304688,"orthographic":true}