{"cameraMode":{"drawMode":0,"name":"Shaded","section":"Shading Mode"},"sceneLighting":false,"audioPlay":false,"sceneViewState":{"showFog":true,"showMaterialUpdate":true,"showSkybox":false,"showFlares":true,"showImageEffects":true,"showParticleSystems":true},"in2DMode":false,"pivot":{"x":-0.0980224609375,"y":0.2209165096282959,"z":-0.1412353515625},"rotation":{"x":0.052518580108881,"y":0.743325412273407,"z":-0.058769334107637408,"w":0.664273202419281},"size":239.80206298828126,"orthographic":true}