{"cameraMode":{"drawMode":0,"name":"Shaded","section":"Shading Mode"},"sceneLighting":true,"audioPlay":false,"sceneViewState":{"showFog":true,"showMaterialUpdate":true,"showSkybox":true,"showFlares":true,"showImageEffects":true,"showParticleSystems":true},"in2DMode":false,"pivot":{"x":369.7608947753906,"y":177.94500732421876,"z":156.25},"rotation":{"x":0.3819253742694855,"y":0.3342590034008026,"z":-0.15047399699687959,"w":0.8483904600143433},"size":773.3255004882813,"orthographic":true}