{"cameraMode":{"drawMode":0,"name":"Shaded","section":"Shading Mode"},"sceneLighting":true,"audioPlay":false,"sceneViewState":{"showFog":true,"showMaterialUpdate":true,"showSkybox":false,"showFlares":true,"showImageEffects":true,"showParticleSystems":true},"in2DMode":false,"pivot":{"x":-3.5762786865234377e-7,"y":0.06085662543773651,"z":0.45948076248168948},"rotation":{"x":0.1089785024523735,"y":0.8500106930732727,"z":-0.19400806725025178,"w":0.4774671494960785},"size":8.720495223999024,"orthographic":true}