{"cameraMode":{"drawMode":0,"name":"Shaded","section":"Shading Mode"},"sceneLighting":true,"audioPlay":false,"sceneViewState":{"showFog":true,"showMaterialUpdate":true,"showSkybox":true,"showFlares":true,"showImageEffects":true,"showParticleSystems":true},"in2DMode":false,"pivot":{"x":-937.9000244140625,"y":488.1000061035156,"z":643.7999877929688},"rotation":{"x":0.5237961411476135,"y":0.015333261340856552,"z":-0.009427756071090699,"w":0.8516591787338257},"size":177.36813354492188,"orthographic":true}