{"cameraMode":{"drawMode":0,"name":"Shaded","section":"Shading Mode"},"sceneLighting":true,"audioPlay":false,"sceneViewState":{"showFog":true,"showMaterialUpdate":true,"showSkybox":true,"showFlares":true,"showImageEffects":true,"showParticleSystems":true},"in2DMode":false,"pivot":{"x":-303.5699157714844,"y":134.9869384765625,"z":560.7745971679688},"rotation":{"x":-0.012342414818704129,"y":-0.9223819971084595,"z":0.38498473167419436,"w":-0.029598979279398919},"size":1070.5997314453125,"orthographic":false}