{"cameraMode":{"drawMode":0,"name":"Shaded","section":"Shading Mode"},"sceneLighting":false,"audioPlay":false,"sceneViewState":{"showFog":true,"showMaterialUpdate":true,"showSkybox":false,"showFlares":true,"showImageEffects":true,"showParticleSystems":true},"in2DMode":false,"pivot":{"x":0.5679931640625,"y":0.2197265625,"z":-0.22802734375},"rotation":{"x":0.13400648534297944,"y":0.4114212989807129,"z":-0.06129670888185501,"w":0.8994573950767517},"size":4.185941696166992,"orthographic":true}