{"cameraMode":{"drawMode":0,"name":"Shaded","section":"Shading Mode"},"sceneLighting":true,"audioPlay":false,"sceneViewState":{"showFog":true,"showMaterialUpdate":true,"showSkybox":true,"showFlares":true,"showImageEffects":true,"showParticleSystems":true},"in2DMode":false,"pivot":{"x":-1.578125,"y":0.830322265625,"z":2.412109375},"rotation":{"x":0.0071615963242948059,"y":-0.2969453036785126,"z":0.0022269776090979578,"w":0.9548667073249817},"size":15.874384880065918,"orthographic":true}