{"cameraMode":{"drawMode":0,"name":"Shaded","section":"Shading Mode"},"sceneLighting":false,"audioPlay":false,"sceneViewState":{"showFog":true,"showMaterialUpdate":true,"showSkybox":false,"showFlares":true,"showImageEffects":true,"showParticleSystems":true},"in2DMode":false,"pivot":{"x":-0.00000762939453125,"y":-117.7010498046875,"z":-21.807571411132814},"rotation":{"x":0.25124144554138186,"y":0.35664719343185427,"z":-0.10020329058170319,"w":0.8942268490791321},"size":512.7317504882813,"orthographic":true}