{"cameraMode":{"drawMode":0,"name":"Shaded","section":"Shading Mode"},"sceneLighting":false,"audioPlay":false,"sceneViewState":{"showFog":true,"showMaterialUpdate":true,"showSkybox":false,"showFlares":true,"showImageEffects":true,"showParticleSystems":true},"in2DMode":false,"pivot":{"x":0.0,"y":1.249189853668213,"z":0.661491870880127},"rotation":{"x":0.6953421831130981,"y":-0.0021562480833381416,"z":0.0020857667550444605,"w":0.7186752557754517},"size":11.49340534210205,"orthographic":true}