{"cameraMode":{"drawMode":0,"name":"Shaded","section":"Shading Mode"},"sceneLighting":true,"audioPlay":false,"sceneViewState":{"showFog":true,"showMaterialUpdate":true,"showSkybox":true,"showFlares":true,"showImageEffects":true,"showParticleSystems":true},"in2DMode":false,"pivot":{"x":-1028.6107177734375,"y":-54.672035217285159,"z":-37.55279541015625},"rotation":{"x":0.27318239212036135,"y":0.6288260221481323,"z":-0.25145143270492556,"w":0.6831708550453186},"size":1.6549535989761353,"orthographic":true}