{"cameraMode":{"drawMode":0,"name":"Shaded","section":"Shading Mode"},"sceneLighting":true,"audioPlay":false,"sceneViewState":{"showFog":true,"showMaterialUpdate":true,"showSkybox":false,"showFlares":true,"showImageEffects":true,"showParticleSystems":true},"in2DMode":false,"pivot":{"x":0.2577524781227112,"y":-0.1250477135181427,"z":0.0910586565732956},"rotation":{"x":0.2719303369522095,"y":-4.857853141970736e-8,"z":-2.6643613537657985e-8,"w":0.9623176455497742},"size":2.6340792179107668,"orthographic":true}