{"cameraMode":{"drawMode":0,"name":"Shaded","section":"Shading Mode"},"sceneLighting":false,"audioPlay":false,"sceneViewState":{"showFog":true,"showMaterialUpdate":true,"showSkybox":false,"showFlares":true,"showImageEffects":true,"showParticleSystems":true},"in2DMode":false,"pivot":{"x":61.84099197387695,"y":1187.782958984375,"z":189.32260131835938},"rotation":{"x":0.30119118094444277,"y":0.25500282645225527,"z":-0.08394056558609009,"w":0.9149981737136841},"size":105.00921630859375,"orthographic":true}