{"cameraMode":{"drawMode":0,"name":"Shaded","section":"Shading Mode"},"sceneLighting":false,"audioPlay":false,"sceneViewState":{"showFog":true,"showMaterialUpdate":true,"showSkybox":false,"showFlares":true,"showImageEffects":true,"showParticleSystems":true},"in2DMode":false,"pivot":{"x":0.018175125122070314,"y":-0.05674028396606445,"z":5.915130138397217},"rotation":{"x":0.13831071555614472,"y":0.8481602668762207,"z":-0.2701902985572815,"w":0.4341607093811035},"size":16.790874481201173,"orthographic":true}