{"cameraMode":{"drawMode":0,"name":"Shaded","section":"Shading Mode"},"sceneLighting":true,"audioPlay":false,"sceneViewState":{"showFog":true,"showMaterialUpdate":true,"showSkybox":true,"showFlares":true,"showImageEffects":true,"showParticleSystems":true},"in2DMode":false,"pivot":{"x":135.85186767578126,"y":80.0,"z":272.0500183105469},"rotation":{"x":0.07596072554588318,"y":-0.26590195298194888,"z":0.021022791042923929,"w":0.9607729911804199},"size":226.20388793945313,"orthographic":true}