{"cameraMode":{"drawMode":0,"name":"Shaded","section":"Shading Mode"},"sceneLighting":false,"audioPlay":false,"sceneViewState":{"showFog":true,"showMaterialUpdate":true,"showSkybox":false,"showFlares":true,"showImageEffects":true,"showParticleSystems":true},"in2DMode":false,"pivot":{"x":0.02695980668067932,"y":-0.0986328125,"z":-0.03178457170724869},"rotation":{"x":0.4998791217803955,"y":0.04931400343775749,"z":-0.028524022549390794,"w":0.8642197847366333},"size":4.8194732666015629,"orthographic":true}