{"cameraMode":{"drawMode":0,"name":"Shaded","section":"Shading Mode"},"sceneLighting":false,"audioPlay":false,"sceneViewState":{"showFog":true,"showMaterialUpdate":true,"showSkybox":false,"showFlares":true,"showImageEffects":true,"showParticleSystems":true},"in2DMode":false,"pivot":{"x":-0.0980224609375,"y":0.2209165096282959,"z":-0.1412353515625},"rotation":{"x":-0.06573928147554398,"y":-0.18099278211593629,"z":0.012125941924750805,"w":-0.9812133312225342},"size":62.56769561767578,"orthographic":true}