{"cameraMode":{"drawMode":0,"name":"Shaded","section":"Shading Mode"},"sceneLighting":true,"audioPlay":false,"sceneViewState":{"showFog":true,"showMaterialUpdate":true,"showSkybox":true,"showFlares":true,"showImageEffects":true,"showParticleSystems":true},"in2DMode":false,"pivot":{"x":570.90673828125,"y":736.3217163085938,"z":-549.9199829101563},"rotation":{"x":0.32595059275627139,"y":-0.5613255500793457,"z":0.2553330957889557,"w":0.7165790796279907},"size":758.9254760742188,"orthographic":true}