{"cameraMode":{"drawMode":0,"name":"Shaded","section":"Shading Mode"},"sceneLighting":false,"audioPlay":false,"sceneViewState":{"showFog":true,"showMaterialUpdate":true,"showSkybox":false,"showFlares":true,"showImageEffects":true,"showParticleSystems":true},"in2DMode":false,"pivot":{"x":15.773605346679688,"y":26.043197631835939,"z":3.4969260692596437},"rotation":{"x":-0.31518593430519106,"y":-0.4720465838909149,"z":0.18548445403575898,"w":-0.8021448850631714},"size":50.9203987121582,"orthographic":true}