{"cameraMode":{"drawMode":0,"name":"Shaded","section":"Shading Mode"},"sceneLighting":false,"audioPlay":false,"sceneViewState":{"showFog":true,"showMaterialUpdate":true,"showSkybox":false,"showFlares":true,"showImageEffects":true,"showParticleSystems":true},"in2DMode":false,"pivot":{"x":-10.9237060546875,"y":81.28594970703125,"z":0.7899503707885742},"rotation":{"x":-0.02619759552180767,"y":0.9581255316734314,"z":-0.09313235431909561,"w":-0.26951003074645998},"size":475.1186828613281,"orthographic":true}