{"cameraMode":{"drawMode":0,"name":"Shaded","section":"Shading Mode"},"sceneLighting":false,"audioPlay":false,"sceneViewState":{"showFog":true,"showMaterialUpdate":true,"showSkybox":false,"showFlares":true,"showImageEffects":true,"showParticleSystems":true},"in2DMode":false,"pivot":{"x":-0.0980224609375,"y":0.2209165096282959,"z":-0.1412353515625},"rotation":{"x":0.16587531566619874,"y":0.7759100794792175,"z":-0.228080153465271,"w":0.5642983317375183},"size":287.9497375488281,"orthographic":true}