{"cameraMode":{"drawMode":0,"name":"Shaded","section":"Shading Mode"},"sceneLighting":false,"audioPlay":false,"sceneViewState":{"showFog":true,"showMaterialUpdate":true,"showSkybox":false,"showFlares":true,"showImageEffects":true,"showParticleSystems":true},"in2DMode":false,"pivot":{"x":-0.0980224609375,"y":0.2209165096282959,"z":-0.1412353515625},"rotation":{"x":0.3877343535423279,"y":0.3119090497493744,"z":-0.14131441712379456,"w":0.855806827545166},"size":95.80968475341797,"orthographic":true}